<?xml version="1.0" encoding="UTF-8"?>
<beans xmlns="http://www.springframework.org/schema/beans"
	xmlns:xsi="http://www.w3.org/2001/XMLSchema-instance" 
	xmlns:aop="http://www.springframework.org/schema/aop"
	xmlns:context="http://www.springframework.org/schema/context"
	xsi:schemaLocation="http://www.springframework.org/schema/beans
	http://www.springframework.org/schema/beans/spring-beans-4.0.xsd
	
	http://www.springframework.org/schema/context
     http://www.springframework.org/schema/context/spring-context-4.0.xsd">

	<!-- <bean id="dbUtil" class="com.cg.appl.util.EntitymanageUtil" /> -->




<import resource="dbConfig.xml"></import>		
<context:component-scan base-package="com.cg.appl"/>

<!-- <bean id="datasource" class="org.springframework.jdbc.datasource.DriverManagerDataSource">
<property name="driverClassName" value="oracle.jdbc.OracleDriver"/>
<property name="url" value="jdbc:oracle:thin:@10.51.103.201:1521:orcl11g"/>
<property name="username" value="labg104trg10"/>
<property name="password" value="labg104oracle"></property>

</bean> -->



<!-- <bean id="jdbcTemplate" class="org.springframework.jdbc.core.JdbcTemplate">
<property name="dataSource" ref="datasource"></property>

</bean> -->

<bean class="org.springframework.beans.factory.config.PropertyPlaceholderConfigurer">
<property name="location" value="oracle.properties">

</property>
</bean>

	
	</beans>
