<?xml version="1.0" encoding="UTF-8"?>
<beans xmlns="http://www.springframework.org/schema/beans"
	xmlns:xsi="http://www.w3.org/2001/XMLSchema-instance" 
	xmlns:aop="http://www.springframework.org/schema/aop"
	xsi:schemaLocation="http://www.springframework.org/schema/beans 
	http://www.springframework.org/schema/beans/spring-beans-4.0.xsd">

	<bean id="companyDetails" class="com.cg.appl.commons.CompanyDetails" >
		<constructor-arg index="0">
		<value>145</value>
		</constructor-arg>
		
		<constructor-arg index="1" value="health is wealth"/>
		<!-- <value>no gain without pain</value>
		</constructor-arg> -->
		
		<constructor-arg index="2" ref="address">
	
		</constructor-arg>
		
		
		
		<property name="companyName" value="Capgemini" />
		<!-- <property name="companyMoto" value="no gain without pain" / -->
		<property name="addr" ref="address"></property>
		
		<!-- <property name="niftyRank" value="1" /> -->
		
		<property name="directors">
		
		<list>
		
		<value>Mr.kasbe</value>
		<value>Mr.satam</value>
		<value>Mr.sundar</value>
		<value>Mr.lobo</value>
		
		</list>
		
		</property>
		
		
		<property name="branches">
		
		<set>
		
		<value>Mumbai</value>
		<value>Pune</value>
		<value>Banglore</value>
		<value>go goa</value>
		
		</set>
		
		</property>
		
		
		<property name="branchAddr">
		
		<map>
		<entry key="Mumbai"><value>BKC</value></entry>
		<entry key="Pune"><value>Hinjewadi</value></entry>
	<entry key="Banglore">	<value>global park</value></entry>
		<entry key="go goa"><value>Beaxh</value></entry>
	</map>
	</property>
		
		<property name="ipAddresses" ref="ipsconfig">
		</property>
		
		
	</bean>
	
	
	<bean id="ipsconfig" class="org.springframework.beans.factory.config.PropertiesFactoryBean">
	<property name="location" value="classpath:server.properties"></property>
	</bean>

<bean id="address" class="com.cg.appl.commons.Address" >
		<property name="line1" value="Om Shiv Sai" />
		<property name="line2" value="Talawade chowk" />
		<property name="area" value="talawade chowk" />
		<property name="city" value="pune" />
		<property name="state" value="Maharashtra" />
		<property name="country" value="India" />
		<property name="pin" value="400093" />
	</bean>


<bean id="emp" class="com.cg.appl.entities.Emp" scope="prototype"/>
	


</beans>