<?xml version="1.0" encoding="UTF-8"?>
<beans xmlns="http://www.springframework.org/schema/beans"
	xmlns:xsi="http://www.w3.org/2001/XMLSchema-instance" 
	xmlns:aop="http://www.springframework.org/schema/aop"
	xsi:schemaLocation="http://www.springframework.org/schema/beans 
	http://www.springframework.org/schema/beans/spring-beans-4.0.xsd">

	<bean id="companyDetails" class="com.cg.appl.commons.CompanyDetails" >
		<property name="companyName" value="Capgemini" />
		<property name="companyMoto" value="no gain without pain" />
		<property name="addr" ref="address"></property>
		
		<property name="niftyRank" value="1" />
	</bean>

<bean id="address" class="com.cg.appl.commons.Address" >
		<property name="line1" value="Om Shiv Sai" />
		<property name="line2" value="Talawade chowk" />
		<property name="area" value="talawade chowk" />
		<property name="city" value="pune" />
		<property name="state" value="Maharashtra" />
		<property name="country" value="India" />
		<property name="pin" value="400093" />
	</bean>


</beans>